[{"id":"user-image-869a09aaa11c7e9d7886b85f25def5692689f7aac4f715737ee8acf67e0b42c20193f291bfbc1c1246973edb485f12430e9d2be0b302b133c2f6ed_1280.png","publicUrl":"np://user.desktop.nicepage.com/Site_956306014/images/869a09aaa11c7e9d7886b85f25def5692689f7aac4f715737ee8acf67e0b42c20193f291bfbc1c1246973edb485f12430e9d2be0b302b133c2f6ed_1280.png","size":159780,"fileName":"869a09aaa11c7e9d7886b85f25def5692689f7aac4f715737ee8acf67e0b42c20193f291bfbc1c1246973edb485f12430e9d2be0b302b133c2f6ed_1280.png","name":"869a09aaa11c7e9d7886b85f25def5692689f7aac4f715737ee8acf67e0b42c20193f291bfbc1c1246973edb485f12430e9d2be0b302b133c2f6ed_1280","width":1280,"height":853,"thumbnail":{"url":"np://user.desktop.nicepage.com/Site_956306014/images/thumbnails/869a09aaa11c7e9d7886b85f25def5692689f7aac4f715737ee8acf67e0b42c20193f291bfbc1c1246973edb485f12430e9d2be0b302b133c2f6ed_1280.png","width":250,"height":167}},{"id":"user-image-channels4_profile1.jpg","publicUrl":"np://user.desktop.nicepage.com/Site_956306014/images/channels4_profile1.jpg","size":3758,"fileName":"channels4_profile1.jpg","name":"channels4_profile1","width":88,"height":88,"thumbnail":{"url":"np://user.desktop.nicepage.com/Site_956306014/images/thumbnails/channels4_profile1.jpg","height":88,"width":88,"length":3758,"type":"jpg"}},{"id":"user-image-our-mission-yellow-lightbulb-text-blackboard-193365843.jpg","publicUrl":"np://user.desktop.nicepage.com/Site_956306014/images/our-mission-yellow-lightbulb-text-blackboard-193365843.jpg","size":184252,"fileName":"our-mission-yellow-lightbulb-text-blackboard-193365843.jpg","name":"our-mission-yellow-lightbulb-text-blackboard-193365843","width":1600,"height":1156,"thumbnail":{"url":"np://user.desktop.nicepage.com/Site_956306014/images/thumbnails/our-mission-yellow-lightbulb-text-blackboard-193365843.jpg","width":250,"height":181}},{"id":"user-image-174865.png","publicUrl":"np://user.desktop.nicepage.com/Site_956306014/images/174865.png","size":2901,"fileName":"174865.png","name":"174865","width":128,"height":128,"thumbnail":{"url":"np://user.desktop.nicepage.com/Site_956306014/images/thumbnails/174865.png","width":128,"height":128,"length":2901,"type":"png"}},{"id":"user-image-3669967.png","publicUrl":"np://user.desktop.nicepage.com/Site_956306014/images/3669967.png","size":4560,"fileName":"3669967.png","name":"3669967","width":128,"height":128,"thumbnail":{"url":"np://user.desktop.nicepage.com/Site_956306014/images/thumbnails/3669967.png","width":128,"height":128,"length":4560,"type":"png"}},{"id":"user-image-3536505.png","publicUrl":"np://user.desktop.nicepage.com/Site_956306014/images/3536505.png","size":2643,"fileName":"3536505.png","name":"3536505","width":128,"height":128,"thumbnail":{"url":"np://user.desktop.nicepage.com/Site_956306014/images/thumbnails/3536505.png","width":128,"height":128,"length":2643,"type":"png"}},{"id":"user-image-1384060.png","publicUrl":"np://user.desktop.nicepage.com/Site_956306014/images/1384060.png","size":2027,"fileName":"1384060.png","name":"1384060","width":128,"height":128,"thumbnail":{"url":"np://user.desktop.nicepage.com/Site_956306014/images/thumbnails/1384060.png","width":128,"height":128,"length":2027,"type":"png"}},{"id":"user-image-174855.png","publicUrl":"np://user.desktop.nicepage.com/Site_956306014/images/174855.png","size":3923,"fileName":"174855.png","name":"174855","width":128,"height":128,"thumbnail":{"url":"np://user.desktop.nicepage.com/Site_956306014/images/thumbnails/174855.png","width":128,"height":128,"length":3923,"type":"png"}},{"id":"user-image-220214.png","publicUrl":"np://user.desktop.nicepage.com/Site_956306014/images/220214.png","size":3354,"fileName":"220214.png","name":"220214","width":128,"height":128,"thumbnail":{"url":"np://user.desktop.nicepage.com/Site_956306014/images/thumbnails/220214.png","width":128,"height":128,"length":3354,"type":"png"}},{"id":"user-image-b7804190-23ce-9975-427a-b4551eb1da62.jpg","publicUrl":"np://user.desktop.nicepage.com/Site_956306014/images/b7804190-23ce-9975-427a-b4551eb1da62.jpg","size":76365,"fileName":"b7804190-23ce-9975-427a-b4551eb1da62.jpg","name":"b7804190-23ce-9975-427a-b4551eb1da62","width":1980,"height":1200,"thumbnail":{"url":"np://user.desktop.nicepage.com/Site_956306014/images/thumbnails/b7804190-23ce-9975-427a-b4551eb1da62.jpg","width":250,"height":152},"originalUrl":"//images01.nicepagecdn.com/c461c07a441a5d220e8feb1a/444e9c2259545f2c94943da0/b7804190-23ce-9975-427a-b4551eb1da62.jpg"},{"id":"user-image-text.png","publicUrl":"np://user.desktop.nicepage.com/Site_956306014/images/text.png","size":217249,"fileName":"text.png","name":"text","width":1334,"height":179,"thumbnail":{"url":"np://user.desktop.nicepage.com/Site_956306014/images/thumbnails/text.png","width":250,"height":34},"originalUrl":"//images01.nicepagecdn.com/c461c07a441a5d220e8feb1a/c8d72e9bf5fd5fa1a8a60280/text.png"},{"id":"user-image-xPJy87J2WBqaQaTNs3vbJX-1200-80.jpg","publicUrl":"np://user.desktop.nicepage.com/Site_956306014/images/xPJy87J2WBqaQaTNs3vbJX-1200-80.jpg","size":31003,"fileName":"xPJy87J2WBqaQaTNs3vbJX-1200-80.jpg","name":"xPJy87J2WBqaQaTNs3vbJX-1200-80","width":1200,"height":675,"thumbnail":{"url":"np://user.desktop.nicepage.com/Site_956306014/images/thumbnails/xPJy87J2WBqaQaTNs3vbJX-1200-80.jpg","width":250,"height":141}},{"id":"user-image-digistorelogo.png","publicUrl":"np://user.desktop.nicepage.com/Site_956306014/images/digistorelogo.png","size":3991,"fileName":"digistorelogo.png","name":"digistorelogo","width":318,"height":159,"thumbnail":{"url":"np://user.desktop.nicepage.com/Site_956306014/images/thumbnails/digistorelogo.png","width":250,"height":125}},{"id":"user-image-Fiverr_Logo_GreenGreen_RGB.jpg","publicUrl":"np://user.desktop.nicepage.com/Site_956306014/images/Fiverr_Logo_GreenGreen_RGB.jpg","size":91978,"fileName":"Fiverr_Logo_GreenGreen_RGB.jpg","name":"Fiverr_Logo_GreenGreen_RGB","width":2004,"height":600,"thumbnail":{"url":"np://user.desktop.nicepage.com/Site_956306014/images/thumbnails/Fiverr_Logo_GreenGreen_RGB.jpg","width":250,"height":75}},{"id":"user-image-BLuehost.jpg","publicUrl":"np://user.desktop.nicepage.com/Site_956306014/images/BLuehost.jpg","size":30135,"fileName":"BLuehost.jpg","name":"BLuehost","width":1200,"height":680,"thumbnail":{"url":"np://user.desktop.nicepage.com/Site_956306014/images/thumbnails/BLuehost.jpg","width":250,"height":142}},{"id":"user-image-jvzoologo.png","publicUrl":"np://user.desktop.nicepage.com/Site_956306014/images/jvzoologo.png","size":3907,"fileName":"jvzoologo.png","name":"jvzoologo","width":225,"height":225,"thumbnail":{"url":"np://user.desktop.nicepage.com/Site_956306014/images/thumbnails/jvzoologo.png","width":225,"height":225,"length":3907,"type":"png"}},{"id":"user-image-impactlogo.png","publicUrl":"np://user.desktop.nicepage.com/Site_956306014/images/impactlogo.png","size":1988,"fileName":"impactlogo.png","name":"impactlogo","width":225,"height":225,"thumbnail":{"url":"np://user.desktop.nicepage.com/Site_956306014/images/thumbnails/impactlogo.png","width":225,"height":225,"length":1988,"type":"png"}},{"id":"user-image-bnnbn-min.jpg","publicUrl":"np://user.desktop.nicepage.com/Site_956306014/images/bnnbn-min.jpg","size":92867,"fileName":"bnnbn-min.jpg","name":"bnnbn-min","width":900,"height":900,"thumbnail":{"url":"np://user.desktop.nicepage.com/Site_956306014/images/thumbnails/bnnbn-min.jpg","width":250,"height":250},"originalUrl":"//images01.nicepagecdn.com/c461c07a441a5d220e8feb1a/633750233d8c5929aa3adb77/bnnbn-min.jpg"},{"id":"user-image-BrandandProducts.jpg","publicUrl":"np://user.desktop.nicepage.com/Site_956306014/images/BrandandProducts.jpg","size":27856,"fileName":"BrandandProducts.jpg","name":"BrandandProducts","width":320,"height":176,"thumbnail":{"url":"np://user.desktop.nicepage.com/Site_956306014/images/thumbnails/BrandandProducts.jpg","width":250,"height":138}},{"id":"user-image-01FpToD9LfVOVA5AcAEaVl7-3.fit_lim.v1660829921.jpg","publicUrl":"np://user.desktop.nicepage.com/Site_956306014/images/01FpToD9LfVOVA5AcAEaVl7-3.fit_lim.v1660829921.jpg","size":256488,"fileName":"01FpToD9LfVOVA5AcAEaVl7-3.fit_lim.v1660829921.jpg","name":"01FpToD9LfVOVA5AcAEaVl7-3.fit_lim.v1660829921","width":1280,"height":720,"thumbnail":{"url":"np://user.desktop.nicepage.com/Site_956306014/images/thumbnails/01FpToD9LfVOVA5AcAEaVl7-3.fit_lim.v1660829921.jpg","width":250,"height":141}},{"id":"user-image-Cheap-Web-Hosting-Services-Hollywood.jpg","publicUrl":"np://user.desktop.nicepage.com/Site_956306014/images/Cheap-Web-Hosting-Services-Hollywood.jpg","size":168355,"fileName":"Cheap-Web-Hosting-Services-Hollywood.jpg","name":"Cheap-Web-Hosting-Services-Hollywood","width":1280,"height":720,"thumbnail":{"url":"np://user.desktop.nicepage.com/Site_956306014/images/thumbnails/Cheap-Web-Hosting-Services-Hollywood.jpg","width":250,"height":141}},{"id":"user-image-YouTubeMonetization.jpg","publicUrl":"np://user.desktop.nicepage.com/Site_956306014/images/YouTubeMonetization.jpg","size":115741,"fileName":"YouTubeMonetization.jpg","name":"YouTubeMonetization","width":1400,"height":788,"thumbnail":{"url":"np://user.desktop.nicepage.com/Site_956306014/images/thumbnails/YouTubeMonetization.jpg","width":250,"height":141}},{"id":"user-image-sticker-4-1-1-1665418331006.jpg","publicUrl":"np://user.desktop.nicepage.com/Site_956306014/images/sticker-4-1-1-1665418331006.jpg","size":757134,"fileName":"sticker-4-1-1-1665418331006.jpg","name":"sticker-4-1-1-1665418331006","width":1600,"height":2000,"thumbnail":{"url":"np://user.desktop.nicepage.com/Site_956306014/images/thumbnails/sticker-4-1-1-1665418331006.jpg","width":200,"height":250}},{"id":"user-image-Standard-Gold-768x930.jpg","publicUrl":"np://user.desktop.nicepage.com/Site_956306014/images/Standard-Gold-768x930.jpg","size":96736,"fileName":"Standard-Gold-768x930.jpg","name":"Standard-Gold-768x930","width":768,"height":930,"thumbnail":{"url":"np://user.desktop.nicepage.com/Site_956306014/images/thumbnails/Standard-Gold-768x930.jpg","width":206,"height":250}},{"id":"user-image-52776405-0.jpeg","publicUrl":"np://user.desktop.nicepage.com/Site_956306014/images/52776405-0.jpeg","size":77172,"fileName":"52776405-0.jpeg","name":"52776405-0","width":1200,"height":900,"thumbnail":{"url":"np://user.desktop.nicepage.com/Site_956306014/images/52776405-0.jpeg","width":250,"height":188}},{"id":"user-image-R1805D_CHIN.jpg","publicUrl":"np://user.desktop.nicepage.com/Site_956306014/images/R1805D_CHIN.jpg","size":113563,"fileName":"R1805D_CHIN.jpg","name":"R1805D_CHIN","width":2000,"height":940,"thumbnail":{"url":"np://user.desktop.nicepage.com/Site_956306014/images/thumbnails/R1805D_CHIN.jpg","width":250,"height":118}},{"id":"user-image-f8e1-article-211216-dropped-domain-main.jpg","publicUrl":"np://user.desktop.nicepage.com/Site_956306014/images/f8e1-article-211216-dropped-domain-main.jpg","size":196336,"fileName":"f8e1-article-211216-dropped-domain-main.jpg","name":"f8e1-article-211216-dropped-domain-main","width":1200,"height":675,"thumbnail":{"url":"np://user.desktop.nicepage.com/Site_956306014/images/thumbnails/f8e1-article-211216-dropped-domain-main.jpg","width":250,"height":141}},{"id":"user-image-02C5XFIaUhd9DXC4rDh6oZy-2..v1569492695.jpg","publicUrl":"np://user.desktop.nicepage.com/Site_956306014/images/02C5XFIaUhd9DXC4rDh6oZy-2..v1569492695.jpg","size":142259,"fileName":"02C5XFIaUhd9DXC4rDh6oZy-2..v1569492695.jpg","name":"02C5XFIaUhd9DXC4rDh6oZy-2..v1569492695","width":1280,"height":720,"thumbnail":{"url":"np://user.desktop.nicepage.com/Site_956306014/images/thumbnails/02C5XFIaUhd9DXC4rDh6oZy-2..v1569492695.jpg","width":250,"height":141}},{"id":"user-image-seamless-nature-cartoon-background-with-separate-vector-19359137.jpg","publicUrl":"np://user.desktop.nicepage.com/Site_956306014/images/seamless-nature-cartoon-background-with-separate-vector-19359137.jpg","size":261648,"fileName":"seamless-nature-cartoon-background-with-separate-vector-19359137.jpg","name":"seamless-nature-cartoon-background-with-separate-vector-19359137","width":1000,"height":830,"thumbnail":{"url":"np://user.desktop.nicepage.com/Site_956306014/images/thumbnails/seamless-nature-cartoon-background-with-separate-vector-19359137.jpg","width":250,"height":208}},{"id":"user-image-maxresdefault.jpg","publicUrl":"np://user.desktop.nicepage.com/Site_956306014/images/maxresdefault.jpg","size":31861,"fileName":"maxresdefault.jpg","name":"maxresdefault","width":1280,"height":720,"thumbnail":{"url":"np://user.desktop.nicepage.com/Site_956306014/images/thumbnails/maxresdefault.jpg","width":250,"height":141}},{"id":"user-image-Ali1.jpg","publicUrl":"np://user.desktop.nicepage.com/Site_956306014/images/Ali1.jpg","size":20346,"fileName":"Ali1.jpg","name":"Ali1","width":180,"height":320,"thumbnail":{"url":"np://user.desktop.nicepage.com/Site_956306014/images/thumbnails/Ali1.jpg","width":141,"height":250}},{"id":"user-image-monta.JPG","publicUrl":"np://user.desktop.nicepage.com/Site_956306014/images/monta.JPG","size":11183,"fileName":"monta.JPG","name":"monta","width":320,"height":98,"thumbnail":{"url":"np://user.desktop.nicepage.com/Site_956306014/images/thumbnails/monta.JPG","width":250,"height":77}},{"id":"user-image-anorama-morning-sky-golden-sun-light-clouds-sunrise-sunset-scene-nature-background-panorama-morning-sky-sun-light-168427060.jpg","publicUrl":"np://user.desktop.nicepage.com/Site_956306014/images/anorama-morning-sky-golden-sun-light-clouds-sunrise-sunset-scene-nature-background-panorama-morning-sky-sun-light-168427060.jpg","size":60495,"fileName":"anorama-morning-sky-golden-sun-light-clouds-sunrise-sunset-scene-nature-background-panorama-morning-sky-sun-light-168427060.jpg","name":"anorama-morning-sky-golden-sun-light-clouds-sunrise-sunset-scene-nature-background-panorama-morning-sky-sun-light-168427060","width":1600,"height":686,"thumbnail":{"url":"np://user.desktop.nicepage.com/Site_956306014/images/thumbnails/anorama-morning-sky-golden-sun-light-clouds-sunrise-sunset-scene-nature-background-panorama-morning-sky-sun-light-168427060.jpg","width":250,"height":107}},{"id":"user-image-transformacion_digital_dominion.jpg","publicUrl":"np://user.desktop.nicepage.com/Site_956306014/images/transformacion_digital_dominion.jpg","size":93986,"fileName":"transformacion_digital_dominion.jpg","name":"transformacion_digital_dominion","width":1920,"height":850,"thumbnail":{"url":"np://user.desktop.nicepage.com/Site_956306014/images/thumbnails/transformacion_digital_dominion.jpg","width":250,"height":111}},{"id":"user-image-Special-Launch-Bonuses--1536x287.png","publicUrl":"np://user.desktop.nicepage.com/Site_956306014/images/Special-Launch-Bonuses--1536x287.png","size":71351,"fileName":"Special-Launch-Bonuses--1536x287.png","name":"Special-Launch-Bonuses--1536x287","width":480,"height":90,"thumbnail":{"url":"np://user.desktop.nicepage.com/Site_956306014/images/thumbnails/Special-Launch-Bonuses--1536x287.png","width":250,"height":47}},{"id":"user-image-debcf3cf0acb11e547627eb82350806d2815f2c68f4322087594388e2faf22395920821db803f7bf664766f36ec6b626291bacfc6e7e9f84be226b_1280.jpg","publicUrl":"np://user.desktop.nicepage.com/Site_956306014/images/debcf3cf0acb11e547627eb82350806d2815f2c68f4322087594388e2faf22395920821db803f7bf664766f36ec6b626291bacfc6e7e9f84be226b_1280.jpg","size":159068,"fileName":"debcf3cf0acb11e547627eb82350806d2815f2c68f4322087594388e2faf22395920821db803f7bf664766f36ec6b626291bacfc6e7e9f84be226b_1280.jpg","name":"debcf3cf0acb11e547627eb82350806d2815f2c68f4322087594388e2faf22395920821db803f7bf664766f36ec6b626291bacfc6e7e9f84be226b_1280","width":1280,"height":704,"thumbnail":{"url":"np://user.desktop.nicepage.com/Site_956306014/images/thumbnails/debcf3cf0acb11e547627eb82350806d2815f2c68f4322087594388e2faf22395920821db803f7bf664766f36ec6b626291bacfc6e7e9f84be226b_1280.jpg","width":250,"height":138}},{"id":"user-image-download10.jfif","publicUrl":"np://user.desktop.nicepage.com/Site_956306014/images/download10.jfif","size":7488,"fileName":"download10.jfif","name":"download10","width":275,"height":183,"thumbnail":{"url":"np://user.desktop.nicepage.com/Site_956306014/images/thumbnails/download10.jfif","width":250,"height":166}}]